{
  "configId": {
    "id": "b58b2f3d-1bbc-4763-8876-125dc7423952"
  },
  "scanType": {
    "type": 1,
    "name": "Polaris",
    "supportsDiffing": true,
    "description": "Runs both static and software composition analysis scans. Detects hard-coded secrets, security defects, and vulnerabilities in both proprietary and open source code."
  },
  "coverityConfig": {
    "configFilePath": {
      "source": {
        "type": 8
      }
    },
    "additionalAnalysisArguments": {
      "source": {
        "type": 8
      }
    }
  },
  "blackDuckConfig": {
    "additionalArguments": {
      "source": {
        "type": 8
      }
    },
    "configFilePath": {
      "source": {
        "type": 8
      }
    },
    "searchDepth": {
      "source": {
        "type": 8
      }
    }
  },
  "bridgeConfig": {
    "installationLocation": {
      "source": {
        "type": 8
      }
    },
    "additionalArguments": {
      "source": {
        "type": 8
      }
    },
    "configFilePath": {
      "source": {
        "type": 8
      }
    },
    "scanTypes": [
      0,
      1
    ]
  },
  "issueSource": {
    "reference": {
      "info": {
        "name": "TJC Test",
        "id": "7300bb0e-c339-4a8d-81e7-9cfc22dddd16",
        "displayName": "TJC Test",
        "depth": 2
      },
      "parent": {
        "info": {
          "name": "TJC Test",
          "id": "2b004a17-7777-4e5e-b3ce-f5e524f2c114",
          "displayName": "TJC Test",
          "depth": 1,
          "localId": "poc.polaris.blackduck.com--TJC Test-2b004a17-7777-4e5e-b3ce-f5e524f2c114"
        }
      }
    }
  },
  "buildConfig": {
    "buildCommand": {
      "source": {
        "type": 8
      }
    },
    "cleanCommand": {
      "source": {
        "type": 8
      }
    }
  },
  "workingDirectory": {
    "value": "C:\\Spades",
    "source": {
      "type": 8
    }
  },
  "path": {
    "source": {
      "type": 8
    }
  }
}