{
  "configId": {
    "id": "61c8886d-99d6-4bcf-a139-bfb1c46788fb"
  },
  "scanType": {
    "type": 3,
    "name": "Rapid Scan Static",
    "description": "Runs a fast static analysis of your source code. Ideal for quick feedback during development."
  },
  "sigmaConfig": {
    "installationLocation": {
      "source": {
        "type": 8
      }
    },
    "additionalArguments": {
      "source": {
        "type": 8
      }
    }
  },
  "bridgeConfig": {},
  "buildConfig": {},
  "workingDirectory": {
    "value": "C:\\Spades",
    "source": {
      "type": 8
    }
  },
  "scanMode": {
    "name": "All Files"
  },
  "path": {
    "source": {
      "type": 8
    }
  }
}