<?xml version="1.0" encoding="UTF-8"?>
<!DOCTYPE coverity SYSTEM "coverity_config.dtd">
<coverity>
<!-- Version 2025.9.1 -->
    <cit_version>1</cit_version>
    <config>
      <include>$CONFIGDIR$\template-gcc-config-0\coverity_config.xml</include>
      <include>$CONFIGDIR$\template-g++-config-0\coverity_config.xml</include>
      <include>$CONFIGDIR$\template-gcc-config-1\coverity_config.xml</include>
      <include>$CONFIGDIR$\template-gcc-config-2\coverity_config.xml</include>
      <include>$CONFIGDIR$\template-g++-config-1\coverity_config.xml</include>
      <include>$CONFIGDIR$\template-g++-config-2\coverity_config.xml</include>
      <include>$CONFIGDIR$\template-ld-config-0\coverity_config.xml</include>
      <include>$CONFIGDIR$\template-ar-config-0\coverity_config.xml</include>
      <include>$CONFIGDIR$\template-gcc-config-3\coverity_config.xml</include>
      <include>$CONFIGDIR$\template-g++-config-3\coverity_config.xml</include>
      <include>$CONFIGDIR$\template-clangcc-config-0\coverity_config.xml</include>
      <include>$CONFIGDIR$\template-clangcxx-config-0\coverity_config.xml</include>
      <include>$CONFIGDIR$\template-java-config-0\coverity_config.xml</include>
      <include>$CONFIGDIR$\template-javac-config-0\coverity_config.xml</include>
      <include>$CONFIGDIR$\template-apt-config-0\coverity_config.xml</include>
      <include>$CONFIGDIR$\template-javaw-config-0\coverity_config.xml</include>
      <include>$CONFIGDIR$\template-jar-config-0\coverity_config.xml</include>
      <include>$CONFIGDIR$\template-go-config-0\coverity_config.xml</include>
      <include>$CONFIGDIR$\template-prefix-config-0\coverity_config.xml</include>
      <include>$CONFIGDIR$\template-kotlinc-config-0\coverity_config.xml</include>
      <include>$CONFIGDIR$\template-kotlin-config-0\coverity_config.xml</include>
      <include>$CONFIGDIR$\template-android-config-0\coverity_config.xml</include>
      <include>$CONFIGDIR$\template-kotlin-module-config-0\coverity_config.xml</include>
      <include>$CONFIGDIR$\template-csc-config-0\coverity_config.xml</include>
      <include>$CONFIGDIR$\template-msvc_devenv-config-0\coverity_config.xml</include>
      <include>$CONFIGDIR$\template-msvc_msbuild-config-0\coverity_config.xml</include>
      <include>$CONFIGDIR$\template-csc-config-1\coverity_config.xml</include>
      <include>$CONFIGDIR$\template-csc-config-2\coverity_config.xml</include>
      <include>$CONFIGDIR$\template-dotnet-config-0\coverity_config.xml</include>
      <include>$CONFIGDIR$\template-razor-config-0\coverity_config.xml</include>
      <include>$CONFIGDIR$\template-razor-config-1\coverity_config.xml</include>
      <include>$CONFIGDIR$\template-razor-config-2\coverity_config.xml</include>
      <include>$CONFIGDIR$\template-razor-config-3\coverity_config.xml</include>
      <include>$CONFIGDIR$\template-razor-config-4\coverity_config.xml</include>
      <include>$CONFIGDIR$\template-razor-config-5\coverity_config.xml</include>
      <include>$CONFIGDIR$\template-razor-config-6\coverity_config.xml</include>
      <include>$CONFIGDIR$\template-vbc-config-0\coverity_config.xml</include>
      <include>$CONFIGDIR$\template-vbc-config-1\coverity_config.xml</include>
      <include>$CONFIGDIR$\template-msvc-config-0\coverity_config.xml</include>
      <include>$CONFIGDIR$\template-msvc_link-config-0\coverity_config.xml</include>
      <include>$CONFIGDIR$\template-msvc_lib-config-0\coverity_config.xml</include>
      <include>$CONFIGDIR$\template-gcc-config-4\coverity_config.xml</include>
      <include>$CONFIGDIR$\template-g++-config-4\coverity_config.xml</include>
      <include>$CONFIGDIR$\template-g++-config-5\coverity_config.xml</include>
      <include>$CONFIGDIR$\template-gcc-config-5\coverity_config.xml</include>
      <include>$CONFIGDIR$\template-g++-config-6\coverity_config.xml</include>
      <include>$CONFIGDIR$\template-g++-config-7\coverity_config.xml</include>
      <include>$CONFIGDIR$\template-gcc-config-6\coverity_config.xml</include>
      <include>$CONFIGDIR$\template-g++-config-8\coverity_config.xml</include>
      <include>$CONFIGDIR$\template-g++-config-9\coverity_config.xml</include>
    </config>
</coverity>

