{
  "V1": {
    "file_metrics": {
      "files_discovered": 2365,
      "files_analyzed": 26,
      "skipped_files_code_exclusion": 2301,
      "skipped_files_scm_ignored": 0,
      "skipped_files_too_large": 0,
      "skipped_files_others": 38,
      "files_by_language": {
        "HTML": 2,
        "JSON": 5,
        "JSX": 5,
        "Markdown": 3,
        "Python": 1,
        "JavaScript": 7,
        "CSS": 3
      }
    },
    "defect_metrics": {},
    "performance": {
      "total_duration_microseconds": 5480239.0,
      "total_duration": "5 seconds"
    }
  }
}