{"tag":"","msg":"Sigma version: 2025.11.0","position":"sigma:102","level":"INFO","thread":"ThreadId(1)|RayonId(None)","time_stamp":"2025-12-29 19:54:05","type":1}
{"tag":"","msg":"Raw command line arguments: \"C:\\\\Users\\\\TracyChrisinger\\\\.blackduck\\\\bridge\\\\tools\\\\sigma\\\\2025.11.0\\\\sigma.exe\", \"--config\", \"C:\\\\Spades\\\\.bridge\\\\polaris_coverity_capture\\\\2025.9.1\\\\idir\\\\sigma\\\\sigma-config.json\", \"--internal-polaris-scan-log\", \"C:\\\\Spades\\\\.bridge\\\\polaris_coverity_capture\\\\2025.9.1\\\\idir\\\\sigma\\\\sigma-log.json\", \"--internal-coverity-config\", \"C:\\\\Users\\\\TRACYC~1\\\\AppData\\\\Local\\\\Temp\\\\cov-run-sigma-config-1019369023\\\\coverity.yaml\", \"analyze\", \"C:\\\\Spades\"","position":"sigma:106","level":"INFO","thread":"ThreadId(1)|RayonId(None)","time_stamp":"2025-12-29 19:54:05","type":1}
{"tag":"","msg":"Environment variables: ","position":"sigma:94","level":"INFO","thread":"ThreadId(1)|RayonId(None)","time_stamp":"2025-12-29 19:54:05","type":1}
{"tag":"","msg":"Parsed command line options: CliOpts {\n    global: GlobalOptions {\n        config: [\n            \"C:\\\\Spades\\\\.bridge\\\\polaris_coverity_capture\\\\2025.9.1\\\\idir\\\\sigma\\\\sigma-config.json\",\n        ],\n        internal_coverity_config: Some(\n            \"C:\\\\Users\\\\TRACYC~1\\\\AppData\\\\Local\\\\Temp\\\\cov-run-sigma-config-1019369023\\\\coverity.yaml\",\n        ),\n        internal_root_coverity_config: false,\n        log_options: LogOptions {\n            internal_log_dir: None,\n            xx_verbose: false,\n            internal_polaris_scan_log: Some(\n                \"C:\\\\Spades\\\\.bridge\\\\polaris_coverity_capture\\\\2025.9.1\\\\idir\\\\sigma\\\\sigma-log.json\",\n            ),\n        },\n        match_sequence_effects_options: MatchSequenceEffectsOptions {\n            internal_js_prevent_models_json: None,\n        },\n        num_threads: None,\n        parse_timeout: None,\n        internal_use_encoding_bom_detection: false,\n        policy: None,\n        working_dir: None,\n        disable_telemetry: true,\n        internal_enable_telemetry: false,\n        xx_per_thread_stack_size_mb: None,\n        xx_mem_profile_tick_ms: None,\n        internal_dump_telemetry_to_file: None,\n        internal_telemetry_format: None,\n        xx_metrics_flush_seconds: None,\n        xx_internal_panic_test: None,\n    },\n    subcmd: Analyze(\n        AnalysisCommandOpts {\n            malicious_url_patterns_file: [],\n            sbom: None,\n            enable_checkers: [],\n            enable_all_checkers: false,\n            disable_checkers: [],\n            check_metadata_overrides: [],\n            format: None,\n            output: None,\n            internal_polaris_scan_output: None,\n            ignore_scm: false,\n            follow_symlinks: false,\n            ignore_hidden_files: None,\n            ignore_policies: false,\n            xx_generate_metrics: None,\n            internal_polaris_metrics_file: None,\n            git_branch: None,\n            git_username: None,\n            git_password: None,\n            git_auth_token: None,\n            include_file_path: [],\n            include_regex: [],\n            internal_coverity_emit_minified_js: None,\n            exclude_file_path: [],\n            exclude_regex: [],\n            include_all: false,\n            make_paths_absolute: false,\n            internal_filepath_mapping: None,\n            repo_root: None,\n            internal_cov_strip_path: [],\n            paths: [\n                \"C:\\\\Spades\",\n            ],\n            xx_max_file_kb: None,\n            xx_detailed_metrics: None,\n            xx_parse_timeout_ms: None,\n            xx_no_builtin_checker: None,\n            xx_edge_count_limit_heap: None,\n            xx_edge_count_limit_sink: None,\n            xx_edge_count_limit_taint: None,\n            xx_string_concatenation_length_limit: None,\n            xx_dataflow_iterations_limit: None,\n            xx_type_inference_iterations_limit: None,\n            xx_analysis_worker_memory_limit: None,\n            xx_analysis_worker_total_callee_summaries_size_limit: None,\n            xx_virtual_overriders_size_limit: None,\n            xx_distrust_test_taints: None,\n            xx_crossfile_dataflow_num_workers: None,\n            xx_crossfile_skip_dataflow_over_callgraph: false,\n            xx_crossfile_eval: false,\n            xx_dataflow_use_cacheable_lookup_tables: false,\n            xx_dataflow_stop_after_one_min: false,\n            xx_dataflow_compress_summaries: true,\n            xx_dataflow_on_disk_summaries: true,\n            xx_dataflow_cache_for_cross_file: false,\n            xx_dataflow_cache_path: None,\n            internal_polaris_classic: None,\n            internal_cov_25_6_mem_limits: None,\n            internal_disable_checks_by_lang_in_coverity_v0: None,\n            xx_evaluate_secret_patterns: [],\n            base_check_set: None,\n            enable_check_set: [],\n        },\n    ),\n}","position":"sigma:112","level":"INFO","thread":"ThreadId(1)|RayonId(None)","time_stamp":"2025-12-29 19:54:05","type":1}
{"tag":"","msg":"Active ConfigOpts ConfigOpts {\n    config: FileConfig {\n        revision: Some(\n            \"1.0.0\",\n        ),\n        global: GlobalOptions {\n            config: [\n                \"C:\\\\Spades\\\\.bridge\\\\polaris_coverity_capture\\\\2025.9.1\\\\idir\\\\sigma\\\\sigma-config.json\",\n            ],\n            internal_coverity_config: Some(\n                \"C:\\\\Users\\\\TRACYC~1\\\\AppData\\\\Local\\\\Temp\\\\cov-run-sigma-config-1019369023\\\\coverity.yaml\",\n            ),\n            internal_root_coverity_config: false,\n            log_options: LogOptions {\n                internal_log_dir: None,\n                xx_verbose: false,\n                internal_polaris_scan_log: Some(\n                    \"C:\\\\Spades\\\\.bridge\\\\polaris_coverity_capture\\\\2025.9.1\\\\idir\\\\sigma\\\\sigma-log.json\",\n                ),\n            },\n            match_sequence_effects_options: MatchSequenceEffectsOptions {\n                internal_js_prevent_models_json: None,\n            },\n            num_threads: None,\n            parse_timeout: None,\n            internal_use_encoding_bom_detection: false,\n            policy: None,\n            working_dir: Some(\n                \".sigma-dir\",\n            ),\n            disable_telemetry: true,\n            internal_enable_telemetry: false,\n            xx_per_thread_stack_size_mb: None,\n            xx_mem_profile_tick_ms: None,\n            internal_dump_telemetry_to_file: Some(\n                \"C:\\\\Spades\\\\.bridge\\\\polaris_coverity_capture\\\\2025.9.1\\\\idir\\\\telemetry\\\\sigma\\\\e2eec3fc01db67f8dc3ac296ddec99betlmtry.jsonl\",\n            ),\n            internal_telemetry_format: None,\n            xx_metrics_flush_seconds: None,\n            xx_internal_panic_test: None,\n        },\n        analyze: Some(\n            AnalysisCommandOpts {\n                malicious_url_patterns_file: [],\n                sbom: None,\n                enable_checkers: [],\n                enable_all_checkers: false,\n                disable_checkers: [],\n                check_metadata_overrides: [],\n                format: Some(\n                    COVERITY,\n                ),\n                output: Some(\n                    \"C:\\\\Spades\\\\.bridge\\\\polaris_coverity_capture\\\\2025.9.1\\\\idir\\\\sigma\\\\sigma-output.json\",\n                ),\n                internal_polaris_scan_output: None,\n                ignore_scm: false,\n                follow_symlinks: false,\n                ignore_hidden_files: None,\n                ignore_policies: false,\n                xx_generate_metrics: None,\n                internal_polaris_metrics_file: Some(\n                    \"C:\\\\Spades\\\\.bridge\\\\polaris_coverity_capture\\\\2025.9.1\\\\idir\\\\sigma\\\\metrics.json\",\n                ),\n                git_branch: None,\n                git_username: None,\n                git_password: None,\n                git_auth_token: None,\n                include_file_path: [],\n                include_regex: [],\n                internal_coverity_emit_minified_js: None,\n                exclude_file_path: [],\n                exclude_regex: [],\n                include_all: false,\n                make_paths_absolute: true,\n                internal_filepath_mapping: None,\n                repo_root: None,\n                internal_cov_strip_path: [],\n                paths: [\n                    \"C:\\\\Spades\",\n                ],\n                xx_max_file_kb: None,\n                xx_detailed_metrics: None,\n                xx_parse_timeout_ms: None,\n                xx_no_builtin_checker: None,\n                xx_edge_count_limit_heap: None,\n                xx_edge_count_limit_sink: None,\n                xx_edge_count_limit_taint: None,\n                xx_string_concatenation_length_limit: None,\n                xx_dataflow_iterations_limit: None,\n                xx_type_inference_iterations_limit: None,\n                xx_analysis_worker_memory_limit: None,\n                xx_analysis_worker_total_callee_summaries_size_limit: None,\n                xx_virtual_overriders_size_limit: None,\n                xx_distrust_test_taints: None,\n                xx_crossfile_dataflow_num_workers: None,\n                xx_crossfile_skip_dataflow_over_callgraph: false,\n                xx_crossfile_eval: false,\n                xx_dataflow_use_cacheable_lookup_tables: false,\n                xx_dataflow_stop_after_one_min: false,\n                xx_dataflow_compress_summaries: true,\n                xx_dataflow_on_disk_summaries: true,\n                xx_dataflow_cache_for_cross_file: false,\n                xx_dataflow_cache_path: None,\n                internal_polaris_classic: Some(\n                    false,\n                ),\n                internal_cov_25_6_mem_limits: None,\n                internal_disable_checks_by_lang_in_coverity_v0: Some(\n                    true,\n                ),\n                xx_evaluate_secret_patterns: [],\n                base_check_set: Some(\n                    Default,\n                ),\n                enable_check_set: [],\n            },\n        ),\n        checkers: Some(\n            CheckersCommandOpts {\n                format: None,\n                output: None,\n            },\n        ),\n        config: Some(\n            ConfigCommandOpts {\n                config_subcmd: Validate,\n            },\n        ),\n        coverity_integration: None,\n        internal_reachability: None,\n        explain: Some(\n            ExplainCommandOpts {\n                name: \"\",\n            },\n        ),\n        format_errors: Some(\n            FormatErrorsCommandOpts {\n                root_path: None,\n                input: \"\",\n                output: \"\",\n            },\n        ),\n        ide: Some(\n            IDECommandOpts {\n                start_lsp: false,\n                codesight: None,\n                codesight_ctx_id: None,\n                force_publish_diagnostics: false,\n                analysis_on_change: None,\n                produce_results_file: false,\n            },\n        ),\n    },\n    subcmd: Analyze(\n        AnalysisCommandOpts {\n            malicious_url_patterns_file: [],\n            sbom: None,\n            enable_checkers: [],\n            enable_all_checkers: false,\n            disable_checkers: [],\n            check_metadata_overrides: [],\n            format: Some(\n                COVERITY,\n            ),\n            output: Some(\n                \"C:\\\\Spades\\\\.bridge\\\\polaris_coverity_capture\\\\2025.9.1\\\\idir\\\\sigma\\\\sigma-output.json\",\n            ),\n            internal_polaris_scan_output: None,\n            ignore_scm: false,\n            follow_symlinks: false,\n            ignore_hidden_files: None,\n            ignore_policies: false,\n            xx_generate_metrics: None,\n            internal_polaris_metrics_file: Some(\n                \"C:\\\\Spades\\\\.bridge\\\\polaris_coverity_capture\\\\2025.9.1\\\\idir\\\\sigma\\\\metrics.json\",\n            ),\n            git_branch: None,\n            git_username: None,\n            git_password: None,\n            git_auth_token: None,\n            include_file_path: [],\n            include_regex: [],\n            internal_coverity_emit_minified_js: None,\n            exclude_file_path: [],\n            exclude_regex: [],\n            include_all: false,\n            make_paths_absolute: false,\n            internal_filepath_mapping: None,\n            repo_root: None,\n            internal_cov_strip_path: [],\n            paths: [\n                \"C:\\\\Spades\",\n            ],\n            xx_max_file_kb: None,\n            xx_detailed_metrics: None,\n            xx_parse_timeout_ms: None,\n            xx_no_builtin_checker: None,\n            xx_edge_count_limit_heap: None,\n            xx_edge_count_limit_sink: None,\n            xx_edge_count_limit_taint: None,\n            xx_string_concatenation_length_limit: None,\n            xx_dataflow_iterations_limit: None,\n            xx_type_inference_iterations_limit: None,\n            xx_analysis_worker_memory_limit: None,\n            xx_analysis_worker_total_callee_summaries_size_limit: None,\n            xx_virtual_overriders_size_limit: None,\n            xx_distrust_test_taints: None,\n            xx_crossfile_dataflow_num_workers: None,\n            xx_crossfile_skip_dataflow_over_callgraph: false,\n            xx_crossfile_eval: false,\n            xx_dataflow_use_cacheable_lookup_tables: false,\n            xx_dataflow_stop_after_one_min: false,\n            xx_dataflow_compress_summaries: true,\n            xx_dataflow_on_disk_summaries: true,\n            xx_dataflow_cache_for_cross_file: false,\n            xx_dataflow_cache_path: None,\n            internal_polaris_classic: Some(\n                false,\n            ),\n            internal_cov_25_6_mem_limits: None,\n            internal_disable_checks_by_lang_in_coverity_v0: Some(\n                true,\n            ),\n            xx_evaluate_secret_patterns: [],\n            base_check_set: Some(\n                Default,\n            ),\n            enable_check_set: [],\n        },\n    ),\n    enable_checkers: {},\n    disable_checkers: {},\n    activated_version_specific_checkers: {},\n    sbom: \"\",\n    base_check_set: Some(\n        Default,\n    ),\n    enable_check_set: {},\n    check_metadata_overrides: {},\n    policy: None,\n    internal_use_encoding_bom_detection: false,\n    custom_rules: [],\n    errors: \"Unsupported configuration: [caching, commit]\\nUnsupported configuration in analyze: [location]\\n\",\n    malicious_ioa: Some(\n        RegexSet([]),\n    ),\n    filepath_mapping: None,\n}","position":"sigma:139","level":"INFO","thread":"ThreadId(1)|RayonId(None)","time_stamp":"2025-12-29 19:54:06","type":1}
{"tag":"","msg":"Deserializing \"checker_metadata.bin\" took 24ms.","position":"sigma_checkers_sdk::internal::metadata::generated:4","level":"INFO","thread":"ThreadId(1)|RayonId(None)","time_stamp":"2025-12-29 19:54:06","type":1}
{"tag":"","msg":"Deserializing \"check_metadata.bin\" took 704ms.","position":"sigma_checkers::metadata:3","level":"INFO","thread":"ThreadId(1)|RayonId(None)","time_stamp":"2025-12-29 19:54:06","type":1}
{"tag":"","msg":"Wait for all threads to finish...","position":"sigma_program::commands::analysis:165","level":"INFO","thread":"ThreadId(1)|RayonId(None)","time_stamp":"2025-12-29 19:54:07","type":1}
{"tag":"","msg":"Deserializing bytes took 64ms.","position":"sigma_type_inference::get_js_ts_rules:94","level":"INFO","thread":"ThreadId(5)|RayonId(003)","time_stamp":"2025-12-29 19:54:07","type":1}
{"tag":"","msg":"Deserializing \"python_types.bin\" took 489ms.","position":"sigma_model_python::types::builtin:37","level":"INFO","thread":"ThreadId(11)|RayonId(009)","time_stamp":"2025-12-29 19:54:07","type":1}
{"tag":"","msg":"build sigma_semantic_python::resolve::import::modules_manager::ImportedModulesManager took 1532 ms","position":"sigma_semantic_common::type_database:1000","level":"INFO","thread":"ThreadId(11)|RayonId(009)","time_stamp":"2025-12-29 19:54:09","type":1}
{"tag":"","msg":"Deserializing \"python_summaries.bin\" took 429ms.","position":"sigma_model_python::summaries::builtin:54","level":"INFO","thread":"ThreadId(11)|RayonId(009)","time_stamp":"2025-12-29 19:54:09","type":1}
{"tag":"","msg":"Deserializing INLINED_JS_TS_DATAFLOW_DIRECTIVES_DATA took 104ms.","position":"sigma_taint_flow::models::coverity_directives:78","level":"INFO","thread":"ThreadId(11)|RayonId(009)","time_stamp":"2025-12-29 19:54:10","type":1}
{"tag":"","msg":"Telemetry data conforms to schema e64f13671933fe956d8d8d73fa1d2a2308642cb2c67680b84fd4d1910a106893","position":"sigma_metrics::telemetry::events:245","level":"INFO","thread":"ThreadId(23)|RayonId(None)","time_stamp":"2025-12-29 19:54:11","type":2}
{"tag":"","msg":"Analysis done in 6 seconds","position":"sigma_program::commands::analysis:185","level":"INFO","thread":"ThreadId(1)|RayonId(None)","time_stamp":"2025-12-29 19:54:11","type":2}
{"tag":"","msg":"Found 0 defects","position":"sigma_program::commands::analysis:187","level":"INFO","thread":"ThreadId(1)|RayonId(None)","time_stamp":"2025-12-29 19:54:11","type":2}
