<?xml version="1.0" encoding="UTF-8"?>
<!DOCTYPE coverity SYSTEM "coverity_config.dtd">
<coverity>
<!-- THIS FILE IS AUTOMATICALLY GENERATED - YOU MAY ADD XML ENTITIES -->
<!-- TO UPDATE THE COMPILER CONFIGURATION AFTER THE begin_command_line_config ENTITY. -->

    <cit_version>1</cit_version>
    <config>
      <build>
        <compiler>
          <comp_name>cov-buildless-capture-jsx-0</comp_name>
          <comp_translator>jsx</comp_translator>
          <comp_lang>Non Compiled</comp_lang>
          <comp_front_end>cov-internal-emit-misc</comp_front_end>
          <comp_desc>JavaScript Buildless Capture (JSX)</comp_desc>
          <comp_generic>javascript</comp_generic>
          <id>jsx-cov-buildless-capture-jsx-0-be8f7b871a4db944b13a23e3d41f10f7-0</id>
          <is_compiler>true</is_compiler>
          <is_linker>false</is_linker>
        </compiler>
        <options>
          <id>jsx-cov-buildless-capture-jsx-0-be8f7b871a4db944b13a23e3d41f10f7-0</id>
          <template_config_option_id>jsx-cov-buildless-capture-jsx-0-.*</template_config_option_id>
          <compile_options></compile_options>
          <prepend_arg>--language=jsx</prepend_arg>
          <split>
            <options>
              <prepend_arg>-coverity_source=non_compiled</prepend_arg>
            </options>
          </split>
          <expand>
            <options>
              <intern_split_response_file_fn>line_split</intern_split_response_file_fn>
            </options>
          </expand>
          <begin_command_line_config></begin_command_line_config>
        </options>
      </build>
    </config>
    <md5>1b8e7af96dee49cb8a084a02b02bad52</md5>
</coverity>

