{
  "formatVersion": "0.5.0",
  "detectVersion": "10.4.0",
  "projectName": "tic-tac-toe",
  "projectVersion": "0.0.0",
  "detectors": [
    {
      "folder": "C:\\Spades",
      "detectorType": "NPM",
      "detectorName": "NPM Package Lock",
      "detectorAccuracy": "HIGH",
      "extracted": true,
      "status": "SUCCESS",
      "statusCode": "PASSED",
      "statusReason": "Passed",
      "relevantFiles": [],
      "explanations": [
        "Found file: C:\\Spades\\package-lock.json",
        "Found file: C:\\Spades\\package.json"
      ],
      "projectName": "tic-tac-toe",
      "projectVersion": "0.0.0",
      "codeLocationCount": 1
    }
  ],
  "status": [
    {
      "key": "NPM",
      "status": "SUCCESS"
    }
  ],
  "issues": [],
  "overallStatus": [
    {
      "key": "SUCCESS",
      "status": "Detect exited successfully."
    }
  ],
  "results": [
    {
      "location": "C:\\Spades\\.bridge\\polaris_sca_package_manager_scan\\detect\\runs\\2025-12-29-19-54-15-552\\scan/components-with-locations.json",
      "message": "Component Location Analysis File: C:\\Spades\\.bridge\\polaris_sca_package_manager_scan\\detect\\runs\\2025-12-29-19-54-15-552\\scan/components-with-locations.json",
      "sub_messages": []
    }
  ],
  "unrecognizedPaths": {},
  "codeLocations": [],
  "propertyValues": {
    "blackduck.offline.mode": "true",
    "blackduck.offline.mode.force.bdio": "true",
    "detect.bdio.file.name": "scan",
    "detect.bdio.output.path": "C:\\Spades\\.bridge\\polaris_sca_package_manager_scan\\detect\\bdio\\blackduck_artifact",
    "detect.cleanup": "false",
    "detect.component.location.analysis.enabled": "true",
    "detect.excluded.directories": "C:\\Spades\\.bridge",
    "detect.maven.path": "c:\\Program Files\\Apache\\Maven\\apache-maven-3.9.11\\bin\\mvn.cmd",
    "detect.output.path": "C:\\Spades\\.bridge\\polaris_sca_package_manager_scan\\detect",
    "detect.tools": "DETECTOR"
  },
  "operations": [
    {
      "startTimestamp": "2025-12-29 19:54:16.564",
      "endTimestamp": "2025-12-29 19:54:17.699",
      "descriptionKey": "Execute Detectors",
      "status": "SUCCESS"
    },
    {
      "startTimestamp": "2025-12-29 19:54:17.704",
      "endTimestamp": "2025-12-29 19:54:17.730",
      "descriptionKey": "SubProject Aggregate",
      "status": "SUCCESS"
    },
    {
      "startTimestamp": "2025-12-29 19:54:18.131",
      "endTimestamp": "2025-12-29 19:54:21.886",
      "descriptionKey": "Generating Component Location Analysis File for All Components",
      "status": "SUCCESS"
    }
  ]
}